display-name,publication,review-text,original-score-and-url,original-score-and-url 2
Josh Slater-Williams,Vague Visages,"The less said about Monica Bellucci’s part the better. Anyone from that quite large group of fans wishing for years for Bellucci to be in a Bond film will surely be furious at all she’s given to do here, and how little of it there is.",|,"Nov 15, 2023"
Jordan Brooks,Vague Visages,"No longer tasked with putting the missing pieces of action, intrigue and effects together in our heads, the artifice of Bond is gone forever — and with it, any room for playful interpretation.",|,"Aug 1, 2023"
Manuel São Bento,MSB Reviews,"One of the best movies of the franchise is buried somewhere under the messy screenplay, but what can be found at the surface has much to appreciate.","| Original Score: B
                
                |","Jul 25, 2023"
Keith Garlington,Keith & the Movies,"I liked the movie, and I’m anxious to give it another look. But with this cast and this pedigree I can’t help but be disappointed with what we get.","| Original Score: 3/5
                
                |","Aug 25, 2022"
Brian Eggert,Deep Focus Review,"Never mind the running time or overabundance of story; the film never bores, and the audience never loses interest. It simply isn't the wowing, visually illustrious film that its predecessor was.","| Original Score: 3/4
                
                |","Apr 25, 2022"
Jake Tropila,Film Inquiry,"Spectre is an immensely enjoyable Bond outing, that grows stronger with each passing viewing.",|,"Oct 9, 2021"
Therese Lacson,Nerdophiles,"Daniel Craig's Bond story feels a little too sugary sweet for our beloved 007. Leave the happily ever afters for the fairytales, we came here for a movie about a spy.","| Original Score: 3.5/5
                
                |","Oct 9, 2021"
Danielle Solzman,Solzy at the Movies,Spectre never strays too far from the franchise formula but this action film is still a thrilling ride.,|,"Sep 30, 2021"
David Hogan,hoganreviews.co.uk,"Spectre felt like loads of small ideas barely sewn together and a hasty attempt to make some sort of ""ultimate villain"" that doesn't work at all. Better than QoS at least...","| Original Score: 2/5
                
                |","Sep 29, 2021"
Matt Brunson,Film Frenzy,An engaging two hours are then run into the ground for a wince-inducing final half-hour of unfortunate developments.,"| Original Score: 2.5/4
                
                |","Sep 25, 2021"
Olly Richards,NME (New Musical Express),"How much you enjoy this may depend on how you feel about Bond in general. If you miss the old days, with the world in elaborate peril and everything done with a big wink, this is a solid example of that.","| Original Score: 3/5
                
                |","Jun 8, 2021"
Tony Black,Cultural Conversation,"Spectre, despite looking for all the world like a regressive throwback to Bond-eras passed, could end up pointing the way forward more acutely than we ever realised.","| Original Score: 4/5
                
                |","Feb 14, 2021"
Wesley Lovell,Cinema Sight,"Daniel Craig has been a satisfying James Bond, but the films he's been put into have been, on average, far weaker than anything from the Connery, Moore, or Brosnan eras with this likely being the worst Craig film to date.","| Original Score: 2/4
                
                |","Dec 16, 2020"
Mike Massie,Gone With The Twins,"Great attention is given to making the CG disappear in favor of practical effects and authentic destruction, bringing back the amusement of older 007 adventures.","| Original Score: 6/10
                
                |","Dec 4, 2020"
Kelechi Ehenulo,Confessions From A Geek Mind,It's certainly not the worst Bond film in the world but it definitely misses the mark of being one of the best.,"| Original Score: 2.5/5
                
                |","Jul 17, 2020"
Damond Fudge,"KCCI (Des Moines, IA)","Like its predecessor, this is a densely-plotted thriller punctuated by exciting action sequences...The plot does get a little ahead of itself a few times, but it's pretty quick to recover and get things back on track.",|,"Jul 14, 2020"
Brent McKnight,The Last Thing I See,"Though it's a paint-by-numbers ""James Bond movie,"" Spectre is still a James Bond movie, and as such, it's a pretty good time.","| Original Score: B-
                
                |","Jul 3, 2020"
Ricardo Gallegos,Pólvora,"Despite its flaws, Spectre is a very engaging and entertaining film. [Full review in Spanish]",|,"Jun 28, 2020"
Yasser Medina,Cinefilia,"It feels different with the visual style and the splendid music, but at the same time there is an imbalance that operates with the archaic clichés of 007 that worn the franchise so much and that don't fit with Craig's Bond. [Full review in Spanish]","| Original Score: 6/10
                
                |","Jun 26, 2020"
Avaryl Halley,Movie Bitches,"If you like Bond movies, you'll like it.",|,"Apr 29, 2020"
Andrew Galdi,Movie Bitches,I thought it was really fun.,|,"Apr 29, 2020"
Jim Ross,TAKE ONE Magazine,"If SKYFALL was the film to make old-school Bond retro and acceptable rather than passe and anachronistic, then SPECTRE embraces it wholeheartedly. As entertaining as SKYFALL was (and SPECTRE is at times), it seems you reap what you sow.",|,"Feb 13, 2020"
Tim Brennan,About Boulder,"Craig has one last chance to beat the odds with the 25th adventure. The phrase, ""James Bond Will Return"" is at the end of the credits. Let's hope it's a promise and not a threat.",|,"Feb 13, 2020"
Megan Sunday,The Spool,"The Mendes Bonds are beautiful, thrilling, funny, and sad. But Spectre takes on too much for ultimately too little return.",|,"Jan 16, 2020"
Chris McCoy,Memphis Flyer,"The producers have put $300 million into this Bond-stravaganza, so they need to feel like they're getting their money's worth. You probably will, too.",|,"Jan 10, 2020"
Ard Vijn,ScreenAnarchy,"Spectre, however, falls well short of that high-mark, and as great as some of its moments are, it might actually be the weakest of the Daniel Craig Bond movies.",|,"Jan 10, 2020"
Ryan Syrek,"The Reader (Omaha, NE)","Spectre's entire problem harkens back to that long-grieved desire about both having and eating cake. A film can be gritty and brutal or campy and silly. If a movie is all of those things, it leaves you shaken and not stirred.","| Original Score: C-
                
                |","Jul 9, 2019"
Mattie Lucas,"The Dispatch (Lexington, NC)","A strange kind of hybrid that isn't fully realistic, or unrealistic enough to be pure, vintage Bond.","| Original Score: 3/4
                
                |","Jul 5, 2019"
Daniel Orton,One Room With A View,Action-packed and witty: a classic British spy caper...,"| Original Score: 4/5
                
                |","Apr 18, 2019"
Rachel Wagner,rachelsreviews.net,"It's an old school Bond movie with some good action, some silly banter and beautiful women.","| Original Score: C+
                
                |","Apr 18, 2019"
Richard Trenholm,CNET,"Venturing into overwrought psychological waters, the film stretches out a thin story to breaking point.",|,"Apr 16, 2019"
Mae Abdulbaki,Movies with Mae,"Spectre can certainly be enjoyed on its own, but it does do a good job of tying together all the pieces left behind in the previous three films. An entertaining trip into the world of 007, even if it isn't as good as its predecessor.","| Original Score: 3.5/5
                
                |","Apr 10, 2019"
Preston Barta,Fresh Fiction,"Although often absorbing and on par with the quality of spectacle we've come to expect from our tuxedoed hero, SPECTRE proves its predecessor a tough act to follow and finds itself caught in its own tentacles.","| Original Score: C-
                
                |","Mar 30, 2019"
Bernard Boo,Way Too Indie,"If Skyfall was the pinnacle of Craig's run as Bond, Spectre signals a slight downturn and a need for the series to break new ground and redefine who James Bond is for the next generation.","| Original Score: 7/10
                
                |","Feb 28, 2019"
Micheal Compton,Bowling Green Daily News,"Spectre starts to run out of steam late, with the rousing start long a memory by the time the final scene arrives. Still, there is enough here to keep Bond fans satisfied.","| Original Score: B
                
                |","Jan 17, 2019"
Namrata Joshi,The Hindu,Perhaps it's my own fatigue with the Bond franchise and the knowledge of exactly where it will go and how things will turn out that makes the old-fashioned and nicely campy Spectre not as gripping a ride as I would have wanted it to be.,|,"Jan 2, 2019"
Marisa Carpico,The Pop Break,"Spectre is perhaps not as accessible to the average viewer, but it might be more rewarding as an entry in not just the franchise, but Daniel Craig's time in the role.","| Original Score: 7.5/10
                
                |","Dec 25, 2018"
PJ Nabarro,Patrick Nabarro,"Betrays the series' increasingly transparent three-yearly exercise in blandly aspirational, deluxe brand management par excellence.","| Original Score: 2/5
                
                |","Nov 10, 2018"
Frank Ochieng,SF Crowsnest,Spectre has its up and down moments and never is quite sure about standing alone as an independent Bond story or being dismissed as a pit stop for 007-related flashbacks and reference bits ode to yesteryear's glory.,"| Original Score: 2.5/4
                
                |","Nov 9, 2018"
Niall Browne,Movies in Focus,Daniel Craig's tenure as James Bond has seen Ian Fleming's iconic spy stripped back to basics and rebuilt from the ground-up over the course of four movies.,"| Original Score: 4/5
                
                |","Oct 30, 2018"
Aaron Peterson,The Hollywood Outsider,"[Craig's] skillfully wrapped up and delivered [Spectre] at my feet just in time for Christmas. Sure, there might be a few too many layers of paper and way too much tape, but it's the gift I wanted regardless.","| Original Score: 7.5/10
                
                |","Oct 25, 2018"
Anne Brodie,What She Said,"Regarding Bond's and apparently Craig's sense of ennui, and stated disdain for the work, it may be time to bring in fresh blood and passion and say goodbye to our gritty anti-hero/hero. Let the casting games begin.","| Original Score: 3.5/5
                
                |","Aug 30, 2018"
Pat Padua,DCist,This one falls short. Chalk it up to the banality of evil.,|,"Aug 29, 2018"
Alison Rowat,The Herald (Scotland),"There will be another 007; there is too much left in this pot of gold franchise for it to be otherwise. In the meantime, enjoy this Craig-fuelled thrill ride.","| Original Score: 4/5
                
                |","Aug 23, 2018"
Pamela Powell,"Daily Journal (Kankakee, IL)",There's not enough action and the story is much too simple. With little substantive dialogue you will find your mind wandering and thinking about details like wardrobe.,"| Original Score: 2/4
                
                |","Aug 22, 2018"
Oggs Cruz,Rappler,The film clumsily ties the 3 previous films' gritty escapades in this current adventure that has Bond succumbing to genre-specific tropes whose culmination can be smelled from a mile away.,|,"May 1, 2018"
Megan Basham,WORLD,"At times, Spectre becomes so comically convoluted, you half expect sharks with lasers on their heads to come swimming out of the underground river.",|,"Mar 16, 2018"
Rick Marshall,Digital Trends,Daniel Craig's latest (and possibly last) adventure as secret agent James Bond manages to be both different and familiar as 007 takes on the mysterious criminal organization threatening everything he holds dear.,|,"Feb 7, 2018"
Uri Klein,Haaretz,"Spectre is not boring to watch. The evolving character of James Bond is interesting, and the series always offers us the pleasure of getting swept up in his global adventures. In this sense, the latest installment does what it is supposed to do.",|,"Jan 11, 2018"
Robert Kojder,Flickering Myth,"Some have said that the official theme song by Sam Smith is a grower. Well, I found Spectre highly disappointing and mediocre, but who knows, maybe it too is a grower.","| Original Score: 2/5
                
                |","Dec 4, 2017"
Srijana Mitra Das,The Times of India,"A few moans aside, Spectre's action still shakes and stirs, leaving you loving its oak and leather, champagne - and dynamite.","| Original Score: 3.5/5
                
                |","Nov 9, 2017"
Matthew Bond,The Mail on Sunday (UK),"In their ambitious efforts to tie all four of Craig's Bond films together, screenplay writers John Logan, Neal Purvis and Robert Wade seem to have tied themselves up in over-elaborate knots.","| Original Score: 3/5
                
                |","Oct 26, 2017"
Sarah Marrs,Lainey Gossip,"The action is atrocious, and after the brass-balled sequences of Rogue Nation, Spectre feels especially flat.",|,"Oct 16, 2017"
M. Faust,The Public (Buffalo),"On its own merits, Spectre is a distinct step back from Skyfall. Too much of it feels repetitive.",|,"Oct 10, 2017"
Anwen Crawford,The Monthly (Australia),"Spectre is an elaborate justification for the relevance of the gun-toting, martini-drinking spy in a post-Snowden world.",|,"Sep 12, 2017"
Brooke Corso,"The Monitor (McAllen, TX)","Spectre revels in its gadgetry and action and steadfastly defends its right to be old-school, even to the point of ridiculousness.","| Original Score: C+
                
                |","Aug 16, 2017"
Dan Webster,Spokesman-Review (Washington),Give us traditional wink-wink Bond or give us the new seriousness. This hybrid version feels neither shaken nor stirred.,|,"Aug 16, 2017"
Alex Heeney,Seventh Row,"Spending a couple of hours with impeccably dressed (even for the Bond franchise), amazingly talented, and utterly gorgeous stars doing stagy acting is a fine way to pass an evening.",|,"Aug 14, 2017"
Philip Kollar,Polygon,"For all the great work of everyone involved, they can only do so much to lift up some painfully average base material.",|,"Jun 1, 2017"
Phil Nobile Jr.,Birth.Movies.Death.,"Each 007 actor's fourth entry has been a bloated, sometimes wrongheaded collection of 'greatest hits' Bond moments, and it is with great regret we must report the phenomenon is alive and unwell in Spectre.",|,"Apr 1, 2017"
Rain Jokinen,SFist,"While connecting all the Craig Bond films together in this (possibly final) entry may seem like a good idea, the result is way too confusing, and in some ways, just plain silly.",|,"Mar 23, 2017"
Alexander Miller,Film Inquiry,"Spectre is a decent Bond film, and it retains the qualities of what we expect from the series, but it's not on the level of greatness we expected given the previous films.",|,"Dec 6, 2016"
Sean Axmaker,Seanax.com,"Fifty years later, it seems like Bond is now playing catch up with the superhero movies.",|,"Oct 28, 2016"
Rebecca Pahle,Pajiba,"Gritty, grimdark Bond may have been novel when Casino Royale came out and the franchise was shrugging off the spectre (sorry) of the silly '90s, but now all that self-seriousness is dated and tiring.",|,"Sep 21, 2016"
Sara Michelle Fetters,MovieFreak.com,"It is a tired retread that offers little new or original, taking 007 to the one place he's arguably never been before: irrelevance.","| Original Score: 2/4
                
                |","Aug 22, 2016"
Harry Guerin,RTÉ (Ireland),"SPECTRE doesn't quite measure up, but it's still a good night out.","| Original Score: 3.5/5
                
                |","Jul 19, 2016"
Sonny Bunch,Washington Free Beacon,[Daniel Craig's] latest adventure feels more like an homage to Bond's past than a continuation of his recent hot streak.,"| Original Score: 2/4
                
                |","Jul 14, 2016"
Max Weiss,Baltimore Magazine,"Daniel Craig recently said that he'd rather ""kill himself"" than do another Bond film -- and in Spectre, his misery shows.","| Original Score: 2/4
                
                |","Jun 12, 2016"
Tim Brayton,Antagony & Ecstasy,"For large portions of the middle, this is the most that a Bond film has felt like a Bond film since Pierce Brosnan retired.","| Original Score: 6/10
                
                |","Jun 5, 2016"
Mark Jackson,Epoch Times,"The 24 Bond films sugarcoat a profession that really boils down to a whole lot of breaking-and-entering, snooping, and cold-blooded murder. This one's still decent though.","| Original Score: 3/5
                
                |","May 26, 2016"
Noah Gittell,Washington City Paper,"It will surely be catnip for the hardcore fans, although younger viewers may find it too narratively clunky and self-referential to be involving.",|,"May 20, 2016"
Kong Rithdee,Bangkok Post,"What we have and what we enjoy, is Craig's tough charm, Christoph Waltz's slick villainy, Lea Seydoux' slinky beauty, Ralph Fiennes' earnest M and Ben Whishaw as the hipsterish Q, all set in bravura set pieces, exotic locales and kinetic chase sequences.",|,"May 10, 2016"
Jason Bailey,Flavorwire,"'Spectre' isn't the best of these films, but it may well be the most thought-provoking, because there's always something fascinating about art at war with itself.",|,"May 3, 2016"
Russell Baillie,New Zealand Herald,"For a little too much of Spectre, this does feel like the same old drill. It's certainly entertaining for being just that. But a lowering of the bar after Skyfall.","| Original Score: 3.5/5
                
                |","Apr 28, 2016"
J. Olson,Cinemixtape,"Just nine years after the shot of life that was ""Casino Royale,"" it feels like it's time again to start over. For shame, James.","| Original Score: 2.5/5
                
                |","Apr 17, 2016"
Joseph Walsh,CineVue,"Ian Fleming's most famous character feels tired, dated and out of touch.","| Original Score: 2/5
                
                |","Apr 7, 2016"
James Mottram,South China Morning Post,"The opening sequence, recreating the Day of the Dead festival in Mexico City as 007 grapples with a target in a helicopter, is worth the ticket price alone.","| Original Score: 4/5
                
                |","Apr 6, 2016"
Marija Djurovic,Cairo360,"Action-packed, exciting though perhaps a little wobbly in terms of story, not everything gels for Spectre, but there's still plenty of action and charming wit to satisfy fans.","| Original Score: 3.5/5
                
                |","Apr 1, 2016"
J.C. Maçek III,PopMatters,"Spectre is both modern and cutting edge as well as classic, vintage James Bond.","| Original Score: 7/10
                
                |","Mar 29, 2016"
Bill Newcott,AARP Movies for Grownups,"In their second 007 collaboration, Mendes and Craig lighten the tone considerably. Here at last, we sense, the two are actually having fun with a franchise that originally found success, after all, as equal parts adventure, romance and spoof.","| Original Score: 4 of 5
                
                |","Mar 26, 2016"
Ilan Preskovsky,Channel24 (South Africa),"Spectre is very much a good James Bond film with plenty to recommend it. Daniel Craig, in particular, stands out from a frankly ludicrously good cast.","| Original Score: 3/5
                
                |","Mar 8, 2016"
Rafael Rosales Santos,Konexión (MX),"A film best enjoyed in theaters with your family, and you'll maybe have a good time, but those looking for more than popcorn entertainment should stay away. [Full Review in Spanish]","| Original Score: 6.5/10
                
                |","Mar 2, 2016"
Theresa Smith,Independent Online (South Africa),Craig has stripped down and rebuilt the character and the films will never be the same again.,"Full Review
                
                
                    | Original Score: 3/5
                
                |","Mar 2, 2016"
Jordan Raup,The Film Stage,A fairly muddled entry into the Bond canon.,"| Original Score: B-
                
                |","Feb 20, 2016"
Jeff Beck,The Blu Spot,"With a perfect blend of a compelling narrative and breathtaking action sequences, Spectre marks a return to greatness for the James Bond franchise, whose past two entries had struggled to find the right mix of these two vital elements.","| Original Score: 4/5
                
                |","Feb 10, 2016"
Georgia Morgan,Liverpool Echo,"Spectre features all you would expect from a great Bond film: amazing gadgets, exotic locations, stunts, a new Aston Martin and a sprinkling of humour.","| Original Score: 9/10
                
                |","Dec 30, 2015"
David Blaustein,ABC News Radio,"Essentially a well-acted Fast and Furious movie, with more British accents. It's good but not great.","| Original Score: 3.5/5
                
                |","Dec 30, 2015"
Eric Melin,Lawrence.com,"Most of the film plays like a game of Connect Four, piling up and grouping together characters and schemes from Craig's last three films in vaguely related ways, in the hopes that the connections to Bond's past will bring them some emotional heft.","| Original Score: 2/4
                
                |","Dec 13, 2015"
Walter Chaw,Film Freak Central,"plotting is convoluted, maybe even tortured, though I do wonder if all its conspiracies and turns don't constitute a MacGuffin.","| Original Score: 3/4
                
                |","Dec 10, 2015"
Jyoti Sharma Bawa,Hindustan Times,"For those who are going to compare it to Skyfall, this simply isn't as good. There is neither the emotional connect nor the sweet melancholy that inhabited the last film, but it is a joyous ride nonetheless.","| Original Score: 3/5
                
                |","Dec 7, 2015"
Nandini Ramnath,Scroll.in,"In Spectre, Mendes translates ""pleasure"" to mean business as usual. Skyfall suggested that the Bond galaxy was seeking a new orbit, but Spectre drags it right back to base.",|,"Dec 7, 2015"
Beth Accomando,KPBS.org,"It's a solid, serious spy film that still has a playful glint in its eye.",|,"Dec 7, 2015"
Bilge Ebiri,Nashville Scene,"On some level, Spectre is a betrayal of the More Serious Bond promised in Casino Royale. But it's also the first Bond film in a long time that actually lets you have fun with it.",|,"Dec 7, 2015"
Adam Nayman,Reverse Shot,"Instead of propelling Spectre over the top where it belongs, Waltz instead becomes its unhappy avatar, the thinly grinning face of sadly diminished returns.",|,"Dec 7, 2015"
Michael A. Smith,MediaMikes,That's right. In a film that feels about 20 minutes too long you don't get to the money shot for almost two hours! And with that much time to kill you may find yourself dreaming of a few martinis - be they shaken or stirred!,"| Original Score: 3.5/5
                
                |","Dec 6, 2015"
Nicolás Ruiz,Código espagueti,A film that takes from the classic bond movies but lacks a fundamental element for it to work: a time period. [Full review in Spanish],"| Original Score: 6/10
                
                |","Dec 3, 2015"
Violet LeVoit,AllMovie,"Spectre dances in the gate like an antsy thoroughbred from its very first frames, as if it just can't wait to be a James Bond film.","| Original Score: 4.5/5
                
                |","Dec 3, 2015"
James Kendrick,Q Network Film Desk,"feels slightly disjointed, as if all the parts aren't quite lining up and the progression of action that is supposed to build emotionally instead feels more like little more than a series of plot points.","| Original Score: 2.5/4
                
                |","Dec 1, 2015"
Linda Cook,"Quad City Times (Davenport, IA)","It's the end of an era, but not the end of James Bond.","| Original Score: 3/4
                
                |","Nov 27, 2015"
Rich Cline,Contactmusic.com,"For his latest adventure, James Bond mixes the personal drama of Skyfall with the vintage globe-hopping action of the previous 23 movies.","| Original Score: 4/5
                
                |","Nov 24, 2015"
Glenn Lovell,CinemaDope,... feels like a Best of Bond compilation ... Bluenoses who once complained of Bond's indiscriminate bed-hopping need not worry. It's all Craig can do to suppress a yawn mid-seduction.,"| Original Score: 3/4
                
                |","Nov 22, 2015"
Ken Hanke,"Mountain Xpress (Asheville, NC)","Either a return to form, a winking homage to the whole series, or a dumbing down of the angsty, introspective Bond of the Daniel Craig era. Choose up sides.","| Original Score: 4/5
                
                |","Nov 22, 2015"
Robert Roten,Laramie Movie Scope,"Maybe there is some evolution to the Bond character in this movie from the old low-brow misogynistic, testosterone-fueled Bond of the past into something more rounded, grounded and thoughtful.","| Original Score: B
                
                |","Nov 18, 2015"
Sean Burns,Spliced Personality,"Probably the lousiest Bond picture since the Roger Moore era, but I'll be damned if I'm gonna watch those Brosnan blunders again to make sure.",|,"Nov 18, 2015"
David 'Mad Dog' Bradley,Rip It Up,"While there are seriously blockbuster-friendly action setpieces aplenty here and a cast that can actually act, there's just not the personal punch of Skyfall here.","Full Review
                
                
                    | Original Score: 3/5
                
                |","Nov 18, 2015"
Blake Howard,Graffiti With Punctuation,Spectre is the collision of everything we love about Craig's contribution to the character and the all 23 official Bonds preceding it.,"| Original Score: 4.5/5
                
                |","Nov 18, 2015"
Sebastian Zavala Kahn,Cinencuentro,Spectre is entertaining enough that it doesn't harm the franchise. [Full Review in Spanish],|,"Nov 17, 2015"
Richard von Busack,MetroActive,"Rich with style....Waltz is a sterling Blofeld, the living embodiment of the eye that never sleeps, the ear that hears all.","| Original Score: 4/5
                
                |","Nov 17, 2015"
Witney Seibold,Legion of Leia at Vital Thrills,"I'd relate more of the story, but why bother? We've been here before, but with more excitement, and less up-its-own-*** mythmaking.",|,"Nov 17, 2015"
David N. Butterworth,La Movie Boeuf,"Jolly, old-school Bond, if a tad low in ""Spectre"" gadgets.","| Original Score: 2.5/4
                
                |","Nov 15, 2015"
Diva Velez,TheDivaReview.com,"A fun ride and worth seeing on big screen,  Spectre doesn't linger in the mind after leaving the theatre. An oddly hollow script, increasingly rote action and staccato pacing keep it from being the engrossing, exhilarating thrill that Skyfall was.","| Original Score: 3.5/5
                
                |","Nov 15, 2015"
Luke Buckmaster,The Daily Review/Crikey,"In this era of Daniel dagger-eyes Craig, who seems biologically incompatible with camp entertainment, the hero escaping via exploding wristwatch or ejector seat feels not just quaint but lazy.",|,"Nov 14, 2015"
Daniel Krauze,El Financiero,"Spectre opens with an amazing sequence, unfortunatelly, the movie never regains that level of entertainment after that. [Full review in Spanish]",|,"Nov 13, 2015"
Jim Lane,Sacramento News & Review,"Saving the day (well, more or less) are the assets: Craig and Fiennes (naturally), Lea Seydoux as a particularly appealing Bond girl, and Christoph Waltz, who was born to play a Bond villain.","| Original Score: 3/5
                
                |","Nov 13, 2015"
Bob Grimm,Reno News and Review,"I don't need to know everything about James Bond and his upbringing. A little depth is fine, but this one goes too far. Just blow things up.","| Original Score: 2.25/5
                
                |","Nov 13, 2015"
Susan Granger,SSG Syndicate,"An enervating fatigue has set in, taking the humor and fun out of the franchise - leaving this as sinister, sadistic, escapist entertainment that's neither shaken nor stirring.","| Original Score: 6/10
                
                |","Nov 13, 2015"
Christopher Lawrence,Las Vegas Review-Journal,"[Specte] plods along ground so familiar, it's easy to see how Daniel Craig could have grown tired of playing James Bond.",|,"Nov 13, 2015"
Jessica Gibson,Christianity Today,For my limited experience with Bond I got what I wanted from Spectre and what I think the film wanted me to get: I had a lot of fun.,"| Original Score: 2.5/4
                
                |","Nov 13, 2015"
Greg Maki,"Star-Democrat (Easton, MD)",... Entertains even at its fails to reconcile its disparate goals. It just feels like a missed opportunity for something special.,"| Original Score: B
                
                |","Nov 13, 2015"
Rob Hunter,Film School Rejects,"What starts as a fast and loose adventure begins to creak and groan as it tries to tie everything together with a weak, vengeance-colored bow.",|,"Nov 12, 2015"
Joe Gross,Austin American-Statesman,"At nearly 2 1/2 hours, what should be epic (this is the reintroduction of Spectre into the Bond mythos, for Fleming's sake!) just seems interminable.","| Original Score: C
                
                |","Nov 12, 2015"
David Frese,Kansas City Star,"Well before it ends, Spectre becomes a cartoonish parody of itself.","| Original Score: 2/4
                
                |","Nov 12, 2015"
Gary Dowell,Dark Horizons,"While Spectre is far from bad, it is likely to frustrate many fans, especially given its unenviable position of following on the heels of the near-perfect Skyfall.",|,"Nov 12, 2015"
Mel Campbell,Junkee,"Perhaps Bond is overdue for some introspection; but tiresomely, Spectre fumbles the source of his angst.",|,"Nov 12, 2015"
Steve Newall,"Flicks (AU, NZ, UK)","Extended flat periods, and the sense of deja vu pervading its weaker moments.","| Original Score: 3/5
                
                |","Nov 12, 2015"
Fernanda Solórzano,Letras Libres,"An elegant film but plain, it fails to keep the classic spy relevant in a cyber espionage era. [Full review in Spanish]",|,"Nov 12, 2015"
Jonathan Sánchez,En la butaca,"Spectre is a good and entertaining movie, but it doesn't add anything new to the franchise. [Full review in Spanish]","| Original Score: 3/5
                
                |","Nov 12, 2015"
Kyle Anderson,Nerdist,"This is top-form James Bond and, amid all the other spy movies coming out this year (specifically Kingsman and Mission Impossible 5), it's good for 007 to reassert himself in such a firm and resounding way.","| Original Score: 4.5/5
                
                |","Nov 12, 2015"
Leigh Paatsch,Herald Sun (Australia),"Though the impressively-staged action sequences vary in potency, they never bore. That is the job of Spectre's snoozy bad-dude Oberhauser, who spends more time villain-splaining what he might be up to, rather than committing actual acts of villainy.","| Original Score: 2.5/5
                
                |","Nov 12, 2015"
John Serba,MLive.com,"Mendes' action sequences are undeniably worthy of the big screen, and in that sense, the movie leaves us physically shaken, if not emotionally stirred.","| Original Score: 2.5/4
                
                |","Nov 12, 2015"
Ron Yamauchi,Georgia Straight,"In terms of mere spectacle, Spectre has some wonderful driving stunts, a tremendous introduction for the character played by Christophe Waltz, and a production lavish in glass architecture and supercars.",|,"Nov 12, 2015"
Cynthia Fuchs,PopMatters,"[The film's] first shot is precisely lovely, a dance of framing and figures, a display of craft and thoughtfulness and ingenuity. Then the rest of the movie happens.","| Original Score: 5/10
                
                |","Nov 12, 2015"
Sam Watermeier,NUVO Newsweekly,"It's a fun time at the movies, but it doesn't give viewers the same shiver of excitement that Casino Royale and Skyfall evoked -- the shiver of seeing human drama play out in the middle of popcorn spectacles.","| Original Score: 2.5/5
                
                |","Nov 12, 2015"
Alex Doenau,Trespass,"SPECTRE is a return to the halcyon days of the more brazen Bonds; compounded with today's marginally more enlightened attitudes towards women, the Craig entries have synthesised into a finely tuned machine.",|,"Nov 12, 2015"
Matt Neal,ABC Radio (Australia),"Spectre impresses early on but loses its way and struggles to a satisfying conclusion. Still, at least it's better than Quantum Of Solace.","| Original Score: 3.5/5
                
                |","Nov 12, 2015"
Jim Schembri,3AW,"An exceedingly mediocre exercise in corporate filmmaking that often feels tired and lazy, just like Craig's performance...Spectre promptly plops into the quicksand of Bond cliches, undoing much of the good work of 2012's Skyfall. What a shame.","| Original Score: 1.5/5
                
                |","Nov 12, 2015"
Hugo Hernández Valdivia,Cinexcepción,A good film with a light social commentary on information control and privacy. [Full review in Spanish],"| Original Score: 70/100
                
                |","Nov 11, 2015"
Carlos Boyero,El Pais (Spain),A very well made movie. To ask more of it would be unfair. This is worthy entertainment. [Full review in Spanish],|,"Nov 11, 2015"
Fausto Ponce,Proceso,"Action and excitement, beautiful landscapes and quick dialogue, light political comentary and existencialism are the elements that make this an awesome film. [Full review in Spanish]",|,"Nov 11, 2015"
Jay Stone,Ex-Press.com,"For all his panache, this Bond is a sour creature and his world is both confounding and black.","| Original Score: 3/5
                
                |","Nov 11, 2015"
John Hanlon,John Hanlon Reviews,"An undeniable letdown after ""Skyfall,"" this Bond feature is thoughtful in its subject matter but complacent in its execution.","| Original Score: 3.0/4
                
                |","Nov 11, 2015"
Ernesto Diezmartinez,Cine Vértigo,"Spectre is, without a doubt, the most traiditional Bond film staring Craig. [Full review in Spanish]",|,"Nov 11, 2015"
Mark R. Leeper,Mark Leeper's Reviews,"The script is dark and occasionally confusing and muddled, but it is the most ambitious plotting of any Bond film.","| Original Score: 8/10
                
                |","Nov 11, 2015"
David Nusair,Reel Film Reviews,"The James Bond series, following the relatively above-average SkyFall, takes a step backwards in this 24th installment...","| Original Score: 2/4
                
                |","Nov 11, 2015"
Rick Kisonak,Seven Days (VT),"Will Craig slip into that tux once more? For now, all we can say for sure is that, if he doesn't, it'll be a shame. As Carly Simon sang almost 40 years ago, ""Nobody does it better.""",|,"Nov 11, 2015"
Burl Burlingame,Honolulu Star-Advertiser,It ends with a button capper that is so musty and old-Bond that the audience simultaneously groaned and squealed with delight. Which pretty much sums up all Bond movies.,"| Original Score: 2.5/4
                
                |","Nov 10, 2015"
Edgardo Reséndiz,Reforma,"It's not better than Skyfall, but it's a good bet full of interesting themes and a solid and unexpected story. [Full review in Spanish]",|,"Nov 10, 2015"
Eduardo Molina,Reforma,"Full of thrills, Spectre leaves you with a lot of nostalgia and the hope that Craig returns as the most famous spy in cinema history. [Full review in Spanish]",|,"Nov 10, 2015"
Matthew Toomey,ABC Radio (Australia),"Despite its limitations, Spectre is still to be admired for Mendes' skilful direction and the striking visuals of Dutch cinematographer Hoyte van Hoytema .","| Original Score: B
                
                |","Nov 10, 2015"
Alison Willmore,BuzzFeed News,"Spectre is sloppier than other recent Bonds, but it also feels like it's exhausted the idea that fueled the franchise's relaunch -- darker and more realistic can only last so long when it's paired with a rotating cast of Bond girls and supervillains.",|,"Nov 9, 2015"
Tony Medley,Tolucan Times,"There's only one person alive who can kill James Bond; Daniel Craig...gone are most of the womanizing, gags, and double-entendres. Craig turns this into a straight action film...but it's still a good actioner with great locations and cinematography.","| Original Score: 9/10
                
                |","Nov 9, 2015"
Adrián Ruiz,Excelsior (MX),"The formula still works, even if the movie is a little too long. [Full review in Spanish]",|,"Nov 9, 2015"
Tom Glasson,Concrete Playground,"It's no Skyfall, but SPECTRE still contains all the elements of a classic Bond.","| Original Score: 3/5
                
                |","Nov 9, 2015"
Frederic and Mary Ann Brussat,Spirituality & Practice,The 24th Bond film in which the macho hero addicted to peril must choose between the path of revenge or love.,"| Original Score: 4/5
                
                |","Nov 9, 2015"
Gonzalo Lira Galván,Cinema Movil,An efective movie when it comes to entertaining but dissapointing on plot development and interaction of it's characters. [Full review in Spanish],"| Original Score: 2.5/5
                
                |","Nov 9, 2015"
Sofía Huerta,Butaca Ancha,This movie is proof of what we've been hearing now for a while: Daniel Craig might be the best Bond ever. [Full review in Spanish],|,"Nov 9, 2015"
Mikel Zorrilla,Espinof,"Spectre is the most ""Bond"" film of the bunch, but it's not better than Skyfall. [Full review in Spanish]",|,"Nov 9, 2015"
Sergio Benítez,Espinof,"Poor dialogue, predictable scenes and even more predictable and useless characters in predictable situations. [Full review inSpanish]",|,"Nov 9, 2015"
Anthony Lane,New Yorker,"I regard it as a ravishing exercise in near-despair, with Bond beset by the suspicion that, were he to desist, both his character and his cause would be unmasked as a void. Killing is his living, and his proof of life.",|,"Nov 9, 2015"
Kevin Carr,Fat Guys at the Movies,"If you're just going for the spectacle, Spectre is perfectly fine. The problems stem from its script, which is simultaneously overwritten and underwritten.","| Original Score: 3/5
                
                |","Nov 8, 2015"
Andrew L. Urban,Urban Cinefile,The glance backwards by the writers signals a kind of watershed in the development of the new Bond since Daniel Craig slipped his Baretta into 007's shoulder holster,|,"Nov 8, 2015"
Louise Keller,Urban Cinefile,Everything is there ready for tasting - it's a Bond degustation,|,"Nov 8, 2015"
Luke Goodsell,Movie Mezzanine,"Gone is the mysterious Bond-as-cipher, replaced by unpleasant, Marvel-indebted universe-building in which all the pieces of previous films must tiresomely fit together.","| Original Score: 2/4
                
                |","Nov 8, 2015"
Evan Griffin,The Young Folks,"...the old school ideas in Spectre don't mesh with Daniel Craig's grounded version of the character... These moments don't make James Bond look like an expert, they make him look like he's out of his mind.","| Original Score: 7/10
                
                |","Nov 8, 2015"
Cole Smithey,ColeSmithey.com,"[VIDEO ESSAY] ""Spectre"" is an incredibly entertaining and fun movie. Isn't that what it's all about?","| Original Score: A-
                
                |","Nov 8, 2015"
Dennis Schwartz,Dennis Schwartz Movie Reviews,The franchise is still doing well after 53 years of following the same formula.,"| Original Score: B-
                
                |","Nov 7, 2015"
Scott Nash,Three Movie Buffs,"Beautifully filmed with plenty of action, but missing a sense of fun.","| Original Score: 3/4
                
                |","Nov 7, 2015"
Christopher Orr,The Atlantic,Dazzles early and fizzles late...Bond is not Batman; he does not need an origin story.,|,"Nov 7, 2015"
Al Alexander,The Patriot Ledger,"His name is Bond, but it may as well be Bland considering how lethargic Daniel Craig is in going through the motions of playing a character he's obviously tired of playing.","| Original Score: C+
                
                |","Nov 7, 2015"
Tony Macklin,tonymacklin.net,"SPECTRE is like a strand of pearls. They're shiny, but they're artificial.","| Original Score: 2.0/5
                
                |","Nov 7, 2015"
Pablo Villaça,Cinema em Cena,"Moderadamente divertido, mas facilmente esquecível.","| Original Score: 3/5
                
                |","Nov 7, 2015"
Rob Vaux,Sci-Fi Movie Page,"Like pizza, Bond is good even when he's bad, and Spectre is a long way from bad. But after the glory that was Skyfall, returning director Sam Mendes seems unsure of where to take the character.","| Original Score: 3/5
                
                |","Nov 7, 2015"
Eric D. Snider,EricDSnider.com,What kind of monster casts Christoph Waltz as a villain and then hardly uses him?!,"| Original Score: C+
                
                |","Nov 6, 2015"
Annlee Ellingson,L.A. Biz,"007's most personal mission yet ironically fails to inspire an emotional response, and its creepy Octopussy-themed credits and outdated sexual mores are frustratingly passé.",|,"Nov 6, 2015"
Erick Estrada,Cinegarage,"Cold? Yes, this is a cold movie, but so is the past and memories. This is a movie about the last remaining hidden memories James Bond has. And also, saying goodbye can be very cold. [Full review in Spanish]",|,"Nov 6, 2015"
Jeanne Kaplan,Kaplan vs. Kaplan,"""Spectre"" is, like ""Skyfall"", waaaaayyyyyy too long, with a story that is significantly less than intriguing.",|,"Nov 6, 2015"
David Kaplan,Kaplan vs. Kaplan,"Despite some well-choreographed sequences --- the movie's opening in Mexico City is typically frenetic of Bond films, and the helicopter episode is harrowing --- Agent 007 needs to retire. There is nothing unique or original left to do with the franchise.",|,"Nov 6, 2015"
Mario P. Székely,Siete24.mx,"This might be Craig's last run as Bond, but the movie is a great farewell for the actor. [Full review in Spanish]",|,"Nov 6, 2015"
Javier Porta Fouz,La Nación (Argentina),"The new Bond movie has a great opening sequence, full of action and vertigo, but after that it seems like it looses the inspiration. [Full review in Spanish]",|,"Nov 6, 2015"
Lucero Solórzano,Excelsior (MX),The movie starts with a spectacular opening scene and then it progressively starts to loose momentun till the final act where it picks up again. [Full review in Spanish],|,"Nov 6, 2015"
Lucero Calderón,Excelsior (MX),"This new entry of the Bond saga continues the tradition of giving us action, car chases, exotic women and awesome tech to finish the mision. [Full review in Spanish]",|,"Nov 6, 2015"
Matthew Lickona,San Diego Reader,There are signs of Bond bloat within many of the action sequences - it must be hard to trim such extravagant footage - but they are at least partly overcome by an increase in levity.,"| Original Score: 2/5
                
                |","Nov 6, 2015"
Kofi Outlaw,Screen Rant,"Unfortunately, Spectre is to Skyfall what Quantum of Solace was to Casino Royale; that is to say: less inspired in just about every way.","| Original Score: 2.5/5
                
                |","Nov 6, 2015"
Rubin Safaya,Cinemalogue,"If SKYFALL had hints of Mamet, SPECTRE has heaping servings of Bay with slightly more interesting location shoots.","| Original Score: C-
                
                |","Nov 6, 2015"
Jonathan Romney,Film Comment Magazine,The problem may be that Mendes is trying to offset the inherent pulpiness of the series by playing up the class.,|,"Nov 6, 2015"
Robert Horton,"HeraldNet (Everett, WA)","Some of the episodes are faintly absurd, but then this is a James Bond movie.","| Original Score: 3/4
                
                |","Nov 6, 2015"
Mike McGranaghan,Aisle Seat,"The franchise has always relied on megalomaniacal villains, ticking clocks, and narrow escapes. Spectre spins those things in a slightly more offbeat way that may irritate some Bond purists, but which plays as both homage and reinvention.","| Original Score: 3/4
                
                |","Nov 6, 2015"
Mathew DeKinder,Suburban Journals of St. Louis,"""Spectre"" is still an above-average entry into the series, although of Craig's Bond movies, I would still rank it behind ""Skyfall"" and ""Casino Royale.""","| Original Score: 3.5/5
                
                |","Nov 6, 2015"
Luis Fernando Galván,En Filme,"A subtle and brief cinematic exploration of how rudimentary secret services fit in a world full of information, speed and new technologies. [Full review in Spanish]","| Original Score: 3/5
                
                |","Nov 6, 2015"
Alejandro Alemán,El Universal,"The most somber, dark and full of hopelessness Bond movie of all time. [Full review in Spanish]",|,"Nov 6, 2015"
Oswaldo Betancourt Lozano,Chilango.com,"It's entertaining and worth seeing, even with the excess of hype. [Full review in Spanish]","| Original Score: 3/5
                
                |","Nov 6, 2015"
Robin Clifford,Reeling Reviews,"Fans will flock to ""Spectre,"" which is a must for a film reportedly costing upwards to $300000000.","| Original Score: B
                
                |","Nov 6, 2015"
David Stratton,The Australian,"Spectre falls somewhere in the middle; it's not as routine as some of the Roger Moore films, but it falls short of the high standard set by the earlier Craig films and almost all the Connery films.","| Original Score: 3/5
                
                |","Nov 6, 2015"
Laura Clifford,Reeling Reviews,"...certainly better than Craig's second outing, ""Quantum of Solace,"" but it's pretty much business as usual just when the ante should be upped.","| Original Score: C+
                
                |","Nov 6, 2015"
Peter Rainer,Christian Science Monitor,"If one of the most successful and long-running franchises in movie history wants to keep pumping, it's once again time to change the formula.","| Original Score: C+
                
                |","Nov 6, 2015"
Neil Pond,Parade Magazine,"The 24th movie since 'Dr. No' began the franchise in 1962 may reflect on the past and even gaze into the grave, but it's vibrantly, expressively, emotionally alive and very much in step with today.","| Original Score: 3.5/4
                
                |","Nov 6, 2015"
Anita Katz,San Francisco Examiner,"While this movie doesn't equal that 2012 film or Craig's Bond debut Casino Royale for its suspense or emotional impact, it's fine escapist entertainment, with plenty of references to all things Bond to delight enthusiasts.","| Original Score: 3/4
                
                |","Nov 6, 2015"
Peter Suderman,Vox,"It's just too bad the rest of Spectre is such a disappointment -- relative not just to its opening scene, but to other recent Bond films.","| Original Score: 2/5
                
                |","Nov 6, 2015"
Will Leitch,Deadspin,"Spectre, perhaps inevitably, is a step backward, an inexorable creep toward the eeeeeeevil, cat-petting, be-monocled, Fallacy of the Talking Killer-abusing Bond franchise we'd all agreed to move on from.","| Original Score: C+
                
                |","Nov 6, 2015"
Alison Gillmor,Winnipeg Free Press,"Spectre is a solid Bond outing, with strong performances and eye-catching spectacle, but it spends so much time trying to fulfill its complex mandate that it's never able to enjoy itself.","| Original Score: 3/5
                
                |","Nov 6, 2015"
Kirk Baird,Toledo Blade,"After soaring to new heights in Skyfall, James Bond comes crashing down in the hotly anticipated Spectre.","| Original Score: 2/5
                
                |","Nov 6, 2015"
Josh Terry,Deseret News (Salt Lake City),"Spectre doesn't offer much in the way of new material, but in a series known for its iconic tropes, the challenge is making the familiar feel fresh. Spectre mines those tropes well.","| Original Score: 3/4
                
                |","Nov 6, 2015"
Michelle Alexandria,Eclipse Magazine,Spectre at times feels more like a travelogue of stunning photography than an actual movie. It's one of the most gorgeous looking films I've seen all year.,"| Original Score: B
                
                |","Nov 6, 2015"
James Verniere,Boston Herald,"A disappointment after Skyfall, but it has its moments. The cast is terrific, although Dench is tough act to follow.","| Original Score: B
                
                |","Nov 6, 2015"
S. Jhoanna Robledo,Common Sense Media,"Fast-paced thriller is high on action, lighter on emotion.","| Original Score: 3/5
                
                |","Nov 6, 2015"
John Wirt,"Advocate (Baton Rouge, LA)","Heavy on homage, short on originality.","| Original Score: 2.5/4
                
                |","Nov 6, 2015"
Christian Toto,LifeZette.com,"A nefarious Bond villain apparently stole the Spectre script and reduced Oscar winner Christoph Waltz's role to a sad, super-sized cameo.","| Original Score: 2/4
                
                |","Nov 6, 2015"
Bill Clark,FromTheBalcony,"Spectre, despite its lush locales and trademark superb action set pieces, is a mostly downtrodden, robotic exercise in wild goose chase plotting.","| Original Score: C-
                
                |","Nov 6, 2015"
Daniel M. Kimmel,North Shore Movies,They're still following the philosophy for the series established by the late producer Albert R. Broccoli: all the money spent for the film is up on the screen.,"| Original Score: 4/5
                
                |","Nov 6, 2015"
Pete Vonder Haar,Houston Press,"There's an undeniable sense of finality in Spectre, with no clear path forward and an uncharacteristically (for the most recent movies) upbeat ending.","| Original Score: 3.5/5
                
                |","Nov 6, 2015"
Rebecca Murray,Showbiz Junkies,[Christoph] Waltz is the cowbell of Spectre...you can never have too much Waltz.,"| Original Score: C
                
                |","Nov 6, 2015"
Gary Wolcott,Tri-City Herald,"I'm in the minority but Bond 24 looks like Bond 23, Bond 22, Bond ... etc. And it wastes Christoph Waltz who could have given us a villain as good as Gert Frobe's Goldfinger.","| Original Score: 2.5/5
                
                |","Nov 6, 2015"
Jim Judy,Screen It!,"Earns a recommendation, but only due to a number of action set pieces that are far better individually than the collective whole. (Full Content Review - Sex, Violence, Profanity, etc. - for Parents also available)",|,"Nov 6, 2015"
Matthew Razak,Flixist.com,"If you didn't see Spectre, in all it's incredibly traditional Bond glory, coming you weren't paying attention. The questions is are the old ways really better?","| Original Score: 70/100
                
                |","Nov 6, 2015"
Jonathan W. Hickman,Daily Film Fix,"Starting in Mexico City with an opening sequence that rates as one of the series best, ""Spectre"" works when the action sequences take their time. Unfortunately, the film's closing third is rushed and surprisingly dim-witted.","| Original Score: 6/10
                
                |","Nov 6, 2015"
Willie Waffle,WaffleMovies.com,"He was the Bond of his generation, and Craig should be proud of that.","| Original Score: 3/4
                
                |","Nov 6, 2015"
Kurt Loder,Reason Online,"If Daniel Craig actually were contemplating an exit from the James Bond franchise, Spectre would be a handy off-ramp.",|,"Nov 6, 2015"
Luke Y. Thompson,The Robot's Voice,"If you're among the masses who adored Skyfall, I can see why Spectre might feel like a comedown. Now let me tell you why, for me, it is a wonderful course-correction.",|,"Nov 6, 2015"
Cameron Williams,The Popcorn Junkie,A stunning case for why Bond still matters.,|,"Nov 6, 2015"
Anders Wright,San Diego Union-Tribune,"Craig turned the character into a dark, brooding, unhappy creature, but here he's really more bland than Bond, a shadow of his former self.","| Original Score: 2.5/4
                
                |","Nov 6, 2015"
Tom Long,Detroit News,"For the most part, it's efficient-enough Bond fare - overlong car chases, beautiful women in eternal danger, crazy stunts, suave cool under fire. Nice fitting suits.","| Original Score: B-
                
                |","Nov 6, 2015"
Gary Thompson,Philadelphia Daily News,"Craig says he's tired of playing Bond, and it shows. He looks constipated. Maybe they should have called it ""Sphincter.""",|,"Nov 6, 2015"
Simon Miraudo,Student Edge,No Bond movie is as good as the first ten minutes of this Bond movie. The problem is there's 140 additional minutes of Bond movie that follow.,"| Original Score: 3.5/5
                
                |","Nov 6, 2015"
Dustin Putman,TheFilmFile.com,"Delivering tautly designed thrills, handsome production values, and welcome shades of personality, ""Spectre"" is savvy commercial moviemaking with the right amount of edge to stand out from the crowd.","| Original Score: 3/4
                
                |","Nov 5, 2015"
Rob Thomas,Madison Movie,"""Spectre"" contains clever action sequences, spectacular locales, colorful baddies, and another assured performance by Craig in his fourth outing as 007. It's just that the suit fits him maybe a little too well this time.","| Original Score: 3/4
                
                |","Nov 5, 2015"
Jeffrey Lyles,Lyles' Movie Files,"An entertaining adventure mostly successful at bringing the early spirit of villains, gadgets and gear to Craig's grittier, realistic take on Bond.","| Original Score: 8/10
                
                |","Nov 5, 2015"
David Medsker,Bullz-Eye.com,The villains of Spectre self-servingly repeat the mantra that technology has evolved to the point where the world doesn't need 00 agents anymore. The ultimate irony of Spectre is that it inadvertently proves that the villains are right.,|,"Nov 5, 2015"
Jason Gorber,That Shelf,"The ghosts laid out in Spectre are put to rest, and if the process isn't quite as seamless as one would hope, there's still a satisfaction of seeing the man shaking it up, if not quite stirring our hearts.","| Original Score: B
                
                |","Nov 5, 2015"
Bob Bloom,"Journal and Courier (Lafayette, IN)","Despite all the ingredients that Bond fans savor, ""Spectre"" feels like a step backward. We've seen it all before, and many Bond filmmakers have done it better.","| Original Score: 2.5/4
                
                |","Nov 5, 2015"
Nell Minow,Movie Mom,"If this chapter, reportedly Craig's last as Bond, is not up to the ""Skyfall"" level, it is still a solid entry in this series.","| Original Score: B+
                
                |","Nov 5, 2015"
Michael Smith,Tulsa World,The execution of the Bond-movie elements are so flawless that they don't feel formulaic. The chemistry of the characters is so natural that we're able to enjoy these characters like we're among friends.,"| Original Score: 3.5/4
                
                |","Nov 5, 2015"
Josh Larsen,LarsenOnFilm,"...the exhausted entry in the James Bond franchise, certainly the most exhausted of the Daniel Craig era.","| Original Score: 1.5/4
                
                |","Nov 5, 2015"
Pablo O. Scholz,Clarín,"The new Bond movie is good, but not as good as ""Skyfall"". [Full review in Spanish]",|,"Nov 5, 2015"
Carlos Del Río,Cine Premiere,A perfectly produced film that goes through the traits of the Bond formula. [Full review in Spanish],"| Original Score: 4/4
                
                |","Nov 5, 2015"
James Berardinelli,ReelViews,"In the end, this solid Bond does justice to the character's long legacy while paying due diligence to what he has become under Daniel Craig's stewardship.","| Original Score: 3/4
                
                |","Nov 5, 2015"
David Edelstein,New York Magazine/Vulture,"The result is fun, even if it's a mishmash, leaving you shaken, not stirred.",|,"Nov 5, 2015"
Leonard Maltin,leonardmaltin.com,"Landing short of the ""Skyfall"" bar, ""Spectre"" still glides in at an above average action fare film.",|,"Nov 5, 2015"
Jeffrey M. Anderson,Combustible Celluloid,"Even if it's less gloriously beautiful than its predecessor, the new movie is a little warmer, and also includes a pretty basic, but powerful and relevant ... argument against surveillance.","| Original Score: 3.5/4
                
                |","Nov 5, 2015"
Isaac Chotiner,Slate,"By the time Spectre reaches its conclusion, the backstory has become so fraught, the motives so unclear, and the layers of scheming by the villains so convoluted that it's exhausting.",|,"Nov 5, 2015"
Erin Free,FILMINK (Australia),A rock-solid Bond flick that would have been hailed an immediate winner if it weren't for the fact that it has to shudder and shake in the darkness of the enormous shadow cast by its predecessor.,"Full Review
                
                
                |","Nov 5, 2015"
Chris Klimek,NPR,A gorgeous and dreamlike but ultimately frustrating Bond film. I blame Mendes.,|,"Nov 5, 2015"
Andrea Chase,Killer Movie Reviews,"The film is haunted by ghosts of previous Bond films, slipping back into the formulaic action/adventure genre with a script that's a little creaky, but there's enough wit and panache to keep it chugging along.","| Original Score: 4/5
                
                |","Nov 5, 2015"
Mark Dujsik,Mark Reviews Movies,"The plot is a lot of wheel-spinning, slowly and unsurely inching Bond closer to the bad guy.","| Original Score: 2/4
                
                |","Nov 5, 2015"
Ty Burr,Boston Globe,"""Spectre"" is a movie that wants to have fun but simply doesn't know how.","| Original Score: 2/4
                
                |","Nov 5, 2015"
Bob Mondello,NPR,It remains a decently robust and entertaining mid-level Bond movie - just one that's haunted by the specter of its predecessor.,"| Original Score: 7/10
                
                |","Nov 5, 2015"
Joe Morgenstern,Wall Street Journal,"""Spectre"" is full of not-good things, and some oppressively bad things that may come to feel like drill bits twirling in your skull.",|,"Nov 5, 2015"
Bill Gibron,Film Racket,Casual fans will wonder what all the complaining is about. Obsessives already know why Spectre is far from fantastic.,"| Original Score: 3.5/5
                
                |","Nov 5, 2015"
Steven Rea,Philadelphia Inquirer,"It's business as usual, even if that business is pulled off with brilliant precision, ingeniously choreographed action, and an itinerary boasting some of the most photogenic spots on Earth.","| Original Score: 3/4
                
                |","Nov 5, 2015"
Chris Knight,National Post,"We go to these movies to watch Bond suffer (though not too much), get the girl, get his man and get to live another day. Whether or not Craig decides to hang up the Walther PPK, it's a safe bet that James Bond will return.","| Original Score: 3/4
                
                |","Nov 5, 2015"
Stephen Rebello,Playboy Online,"Sure, the action sequences are thrilling. But the emotional intensity and gravitas of Skyfall are missing, and that makes the movie feel more like a string of highlights than a satisfying whole.","| Original Score: 2.5/4
                
                |","Nov 5, 2015"
Rick Bentley,Fresno Bee,"Until this misstep, Craig had been one of the top actors to play the British spy. His lack of energy, coupled with the long list of other miscues, leaves Spectre bland, very bland.","| Original Score: 1.5/4
                
                |","Nov 5, 2015"
John Beifuss,"Commercial Appeal (Memphis, TN)","Having established Bond as Death, the rest of 'Spectre' works to restore the secret agent's humanity. The result is the product of filmmakers who presume their thoughtful approach has elevated the franchise. I've never enjoyed a Bond film less.","| Original Score: 2.5/4
                
                |","Nov 5, 2015"
Ben Sachs,Chicago Reader,"This James Bond outing begins with a stunning set piece in which the hero, played by Daniel Craig, takes down a terrorist cell amid Day of the Dead festivities in Mexico City.",|,"Nov 5, 2015"
Josh Kupecki,Austin Chronicle,"A drab, anemic machine, Spectre, may bring the spectacle, but it lacks a soul.","| Original Score: 2.5/5
                
                |","Nov 5, 2015"
Kate Taylor,Globe and Mail,"A Bond movie is all about delivering on expectations: to enjoy it you have to be pleased rather than frustrated by its predictability. In that regard, Spectre... can be deemed a solid success","| Original Score: 3/4
                
                |","Nov 5, 2015"
Calvin Wilson,St. Louis Post-Dispatch,"""Spectre"" isn't bad - just slightly disappointing.","| Original Score: 3/4
                
                |","Nov 5, 2015"
Frank Swietek,One Guy's Opinion,An episodic chain of high-octane set-pieces that gets increasingly winded as it drags on.,"| Original Score: C+
                
                |","Nov 5, 2015"
Brian Orndorf,Blu-ray.com,"James Bond has returned, but he often looks as though he'd rather be anywhere but in this movie.","| Original Score: C-
                
                |","Nov 5, 2015"
Charles Koplinski,Illinois Times,"""Spectre"" a mere shadow of Bond greatness.","| Original Score: 2.0/4.0
                
                |","Nov 5, 2015"
Dann Gire,Chicago Daily Herald,"The head of the British secret service, M, once famously referred to agent 007 as ""a blunt instrument."" Consider SPECTRE a blunted one.","| Original Score: 2.5/4
                
                |","Nov 5, 2015"
Kristian M. Lin,Fort Worth Weekly,"Forming a neatly rounded-off tetralogy with the previous three James Bond movies, Spectre sure feels like the end of the line for Daniel Craig as the storied secret agent. If it indeed is, the 47-year-old actor can depart proudly.",|,"Nov 5, 2015"
Peter Howell,Toronto Star,"What pulls together the story's many tentacles is the unflappable Craig, a less-is-more actor who has evolved his Bond from the ""blunt instrument"" of Casino Royale into the ""good man"" of Spectre.","| Original Score: 3/4
                
                |","Nov 5, 2015"
Joe Neumaier,TIME Magazine,"Mendes, a cerebral director who balances action and erudition, lets us savor every conspiracy, chase and exotic locale.",|,"Nov 5, 2015"
Chris Bumbray,JoBlo's Movie Network,"While not quite up to the Casino Royale or Skyfall standard, Spectre is nonetheless a rock-solid James Bond outing. Impeccably crafted on a technical level.","| Original Score: 8/10
                
                |","Nov 5, 2015"
Nick Schager,Paste Magazine,"Spectre's dearth of surprises proves a death knell for its drama, since it means that most of what occurs throughout its story is merely filler in service of telegraphed bombshells.","| Original Score: 3.9/10
                
                |","Nov 5, 2015"
Chris Hewitt,St. Paul Pioneer Press,"If, as he has suggested, ""Spectre"" is Daniel Craig's final outing as James Bond, then it is a very snappy send-off, indeed.","Full Review
                
                
                    | Original Score: 3/4
                
                |","Nov 5, 2015"
Radheyan Simonpillai,AskMen.com,"Ace visuals and simmering performances from Daniel Craig and Lea Seydoux, as a reluctant Bond girl, divert attention from the cockamamie plot and backstory cooked up for Christoph Waltz's shadowy and excruciatingly foreshadowed villain.","| Original Score: 2/4
                
                |","Nov 5, 2015"
Ann Hornaday,Washington Post,"We don't expect a James Bond film to be deep, but at least we should be dazzled by the seductive gloss of its surfaces. Aside from that stunning opening sequence, this installment feels overcompensating and dutiful.","| Original Score: 0/4
                
                |","Nov 5, 2015"
Daniel Eagan,Film Journal International,"Repeats bits and even characters from the earlier films, hoping viewers won't notice, or that lightning will strike again.",|,"Nov 5, 2015"
Rex Reed,Observer,"We've seen it all before. Despite a plot trajectory that changes so often they seem to be making it up as they go along, everyone on and off the screen seems to be doing it by the numbers.","| Original Score: 2/4
                
                |","Nov 5, 2015"
Jeff Baker,Oregonian,"It's ""Thunderball"" without the light touch and the boring underwater scenes. Not bad, no need to wake Roger Moore from his mid-morning nap and bring him out of retirement, but not special.","| Original Score: B-
                
                |","Nov 5, 2015"
Peter Canavese,Groucho Reviews,"The Craig Bonds...continue...questioning the dark and destructive psychology of this masculine icon, this preternaturally skilled but insanely reckless secret agent--his greatest secrets being his own hurt and loss and loneliness.","| Original Score: 3/4
                
                |","Nov 5, 2015"
Josh Bell,Las Vegas Weekly,Succeeds mainly as a series of dazzling set pieces connected by a thin plot.,"| Original Score: 3/5
                
                |","Nov 4, 2015"
Roger Moore,Movie Nation,More proof that James Bonds never exit the stage gracefully.,"| Original Score: 2/4
                
                |","Nov 4, 2015"
CJ Johnson,Film Mafia,"Contemplative ... This is one of the ""romance ones"", and that romance is the film's strongest element ... Seydoux gives the film's best performance ... every time [Craig] shares a scene with her, his game lifts noticeably. She brings out the best in him.","| Original Score: 4/5
                
                |","Nov 4, 2015"
Cary Darling,Fort Worth Star-Telegram/DFW.com,Shaken? Stirred? The trouble with Spectre is that it's neither. All the expected ingredients are there...but they never distill into a whole greater than the sum of their predictable parts.,"Full Review
                
                
                    | Original Score: 2.5/5
                
                |","Nov 4, 2015"
Alejandro G. Calvo,Sensacine,"Even though the movie is perfectly shot, it gradually feels like more of the same thing. [Full review in Spanish]",|,"Nov 4, 2015"
Michael Heaton,Cleveland Plain Dealer,"Besides Craig, the real star in Spectre is director Mendes, who has found the perfect emotional tone this time out.","| Original Score: A
                
                |","Nov 4, 2015"
Norman Wilner,NOW Toronto,"The opening sequence, set against the chaotic sprawl of Mexico City on the Day of the Dead, is technically impeccable and immediately involving. But then there's the franchise's less appealing baggage.","Full Review
                
                
                    | Original Score: 3/5
                
                |","Nov 4, 2015"
Rene Rodriguez,Miami Herald,"Familiarity is not without its pleasures. But Spectre is so confused and inert that Craig can't even sell the signature ""Bond. James Bond"" and ""Shaken, not stirred"" lines.","Full Review
                
                
                    | Original Score: 2/4
                
                |","Nov 4, 2015"
Kirk Honeycutt,honeycuttshollywood.com,You enjoy 'Spectre' but don't thrill to it as you did the valedictory yet refreshing 'Skyfall.',"| Original Score: 7
                
                |","Nov 4, 2015"
Tony Hicks,San Jose Mercury News,"Whether Craig has another Bond chapter in him, or producers are ready to move on with another actor, one thing is clear: The 007 franchise is in a much better place than when Craig first appeared as Bond in 2006.","| Original Score: 3/4
                
                |","Nov 4, 2015"
Kenneth Turan,Los Angeles Times,"Craig's expression is so unchanging it might as well be chiseled out of stone, and his emotionally uninvolved performance is similarly lacking in nuance.",|,"Nov 4, 2015"
Mara Reinstein,Us Weekly,"Though the rote installment is poised to rake at the box office, it won't leave you shaken or stirred.",|,"Nov 4, 2015"
Vincent Mancini,FilmDrunk,"Despite the fun, pulpy tone, Bond's greatest adversary here is continuity.","| Original Score: C+
                
                |","Nov 4, 2015"
Brian Truitt,USA Today,"Craig continues his fine take on the legendary icon of books and movies. His Bond lacks the polish of Roger Moore's and Pierce Brosnan's versions, and for the better.","| Original Score: 2.5/4
                
                |","Nov 4, 2015"
Brian Miller,Seattle Weekly,"For depth, these films only require inherited tradition, and that is what keeps the world's most successful movie franchise moving toward its sixth decade. But next time, please: less typing, less remembering, and more running toward the future.",|,"Nov 4, 2015"
Jake Coyle,Associated Press,"Spectre is Craig's fourth Bond movie and his muscular tenure has been defined not just by his full embodiment of the character, but his overall stewardship.",|,"Nov 4, 2015"
Paul Byrnes,Sydney Morning Herald,"Spectre isn't quite as good as the more emotional Skyfall, but it's not far behind.","| Original Score: 4/5
                
                |","Nov 4, 2015"
Peter Travers,Rolling Stone,"Daniel Craig's stated goal was to make Spectre ""better than Skyfall."" Not quite, but it's still party time for Bond fans.","| Original Score: 3.5/4
                
                |","Nov 4, 2015"
Chris Vognar,Dallas Morning News,"Spectre wants to operate as both a grim post-9/11 thriller and a throwback spy yarn, and it succeeds often enough. There's something audacious about positing a massive security and civil liberties threat right in the heart of central government.","| Original Score: B
                
                |","Nov 4, 2015"
Lawrence Toppman,Charlotte Observer,"At the center of the film, like a man trying to pull a donkey out of a peat bog, stands Craig: inexpressive, uninflected and obviously tired.","| Original Score: 1.5/5
                
                |","Nov 4, 2015"
Mick LaSalle,San Francisco Chronicle,"One of the great satisfactions of ""Spectre"" is that, in addition to all the stirring action, and all the timely references to a secret organization ... we get to believe in Bond as a person.","| Original Score: 4/4
                
                |","Nov 4, 2015"
Justin Craig,FoxNews.com,"""Spectre"" feels too much like a franchise in frustrating flux, which has more of a negative than positive effect.","| Original Score: 8/10
                
                |","Nov 4, 2015"
Victoria Alexander,Las Vegas Informer,"Terrific and perfect. Craig delivers a farewell with everything but gratitude now that it's ""supposedly"" over for him.",|,"Nov 4, 2015"
Travis Hopson,Examiner.com,"""Spectre"" plays it safe, and while that familiarity is enjoyable that also keeps it from ascending to the top of the Bond canon.","| Original Score: 3.5/5
                
                |","Nov 4, 2015"
Mark Hughes,Forbes,"[T]op-notch cinema filled with impressive action, breathtaking stunts, splendid visuals, & solid performances. ... [A] worthy sequel that ups the ante from previous films....",|,"Nov 4, 2015"
Joanna Langfield,The Movie Minute,"An action extravaganza of diminishing returns, this Bond chapter left me a little bit shaken, but definitely not stirred.",|,"Nov 3, 2015"
Richard Lawson,Vanity Fair,"There's been so much turgid, meta-talk in Craig's films about Bond's obsolescence; watching Spectre was the first time I actually started to agree with the idea.",|,"Nov 3, 2015"
Chris Nashawaty,Entertainment Weekly,"Like all of Craig's turns in the tux, Spectre is a blast of bespoke escapism, full of globetrotting action and thousand-thread-count opulence.","| Original Score: B-
                
                |","Nov 3, 2015"
Bill Goodykoontz,Arizona Republic,"Had it been the first Bond film with Craig in the title role, the reaction likely would be ""wow!"" This is some good stuff, way deeper than the silly Bonds. But with history behind us, it feels a little slight.","| Original Score: 3.5/5
                
                |","Nov 3, 2015"
Mike Scott,Times-Picayune,"There's still a hint of the caveman about Daniel Craig's Bond, but it's countered by an emotional evolution that makes him the most interesting Bond in franchise history.","| Original Score: 3/5
                
                |","Nov 3, 2015"
A.A. Dowd,AV Club,"For those who have been waiting patiently for Bond to stop brooding so heavily, Spectre is about as close as the Craig version of the character is probably going to get to the quipping, unflappable 007 of yore.","| Original Score: B-
                
                |","Nov 3, 2015"
Matt Pais,RedEye,"What should feel like a clash among abused power, a world in turmoil and a resolute force of justice becomes underwhelming and basic, fitting for the theme song by the one-note Sam Smith.","| Original Score: 2/4
                
                |","Nov 3, 2015"
Ray Pride,Newcity,"Compositions are clean and casually geometric... furnishings and settings have the sweet grace of simplicity, elements sketched in as in a keenly focused stage production. But as they say on Broadway, you don't walk out of a musical humming the scenery.",|,"Nov 3, 2015"
Bryan Bishop,The Verge,A listless mash-up of lazy gags and storytelling shortcuts that doesn't just echo the series' Mooreian lows - it undermines all the work the franchise has done since 2006.,|,"Nov 3, 2015"
Michael Phillips,Chicago Tribune,"[Mendes is] smart about pacing and rhythm and an astute judge of when to go for the joke and how to let his actors run the show, as opposed to the show -- the explosions and murders and such -- flattening the actors.","| Original Score: 3/4
                
                |","Nov 3, 2015"
Richard Roeper,Chicago Sun-Times,"A slick, beautifully photographed, action-packed, international thriller with a number of wonderfully, ludicrously entertaining set pieces, a sprinkling of dry wit, myriad gorgeous women and a classic psycho-villain.","Full Review
                
                
                    | Original Score: 3/4
                
                |","Nov 3, 2015"
Bruce Kirkland,Toronto Sun,"An adrenaline rush of action, insight, drama, pathos, brutality, humility, humanity and even the occasional whisper of mischievous comedy.","| Original Score: 4.5/5
                
                |","Nov 3, 2015"
Steve Persall,Tampa Bay Times,"Spectre might pass for parody, except Mendes raised the stakes so high with Skyfall that lowbrow isn't becoming on 007, and might spell his end. Like Sam Smith sings, much too shrill for a James Bond movie: The writing's on the wall.","| Original Score: C-
                
                |","Nov 3, 2015"
William Bibbiani,CraveOnline,"There's a distinct sense that Bond himself (and not just Daniel Craig) is tired of this repetitive, soul-crushing crap and ready to move on.",|,"Nov 3, 2015"
Scott A. Mantz,Access Hollywood,"A merely good-enough, but not great addition to the Bond canon.","| Original Score: 3/5
                
                |","Nov 3, 2015"
Julian Roman,MovieWeb,"'Spectre' is a nod to the classic scenes, characters, and imagery from Bond lore. It is formulaic, but spectacular nonetheless.","| Original Score: 3/5
                
                |","Nov 3, 2015"
Rafer Guzman,Newsday,A Bond film that feels caught between its roots as a mindlessly enjoyable action-franchise and its new mandate to deliver the operatic emotions and sudsy plot lines of today's superhero properties.,"| Original Score: 2.5/4
                
                |","Nov 3, 2015"
Matt Prigge,Metro,"At heart it's another dopey Roger Moore outing, minus the dick jokes.","| Original Score: 3/5
                
                |","Nov 3, 2015"
Scott Mendelson,Forbes,'Spectre' Is The Worst 007 Movie In 30 Years.,"| Original Score: 3.0/10
                
                |","Nov 3, 2015"
Matt Singer,ScreenCrush,"For a franchise so insistent on its freshness, its villain looks awfully old-fashioned.","| Original Score: 5/10
                
                |","Nov 3, 2015"
Jake Cole,Slant Magazine,"All of its revisionism centrally incorporates the history of the franchise, and the film both excels and suffers for frequently recalling its forbears.","| Original Score: 2.5/4
                
                |","Nov 3, 2015"
Justin Gerber,Consequence,"Early on, Spectre promises to be one of the best Bonds - a reminder that nobody does it better. In the end, it just looks like everything else.","| Original Score: C
                
                |","Nov 3, 2015"
Stephanie Zacharek,Village Voice,"In the end, Spectre is just too much of a good thing. Though each scene is carefully wrought, there's little grace, majesty, or romance in the way the pieces are connected.",|,"Nov 3, 2015"
Matt Zoller Seitz,RogerEbert.com,"Even by the generous standards of Bond pictures, which have been graded on a curve since 1962, ""Spectre"" has to be considered a missed opportunity.","| Original Score: 2.5/4
                
                |","Nov 3, 2015"
Fred Topel,Nerd Report,The Daniel Craig 007 movie I've been waiting for since Casino Royale.,|,"Nov 2, 2015"
Jen Yamato,The Daily Beast,"If you never imagined your mind would wander to tentacle porn while watching a James Bond movie, well, at least Spectre serves up something unexpected.",|,"Nov 2, 2015"
Ben Skipper,International Business Times,The impressive cast feels stuck in second gear.,"| Original Score: 2/5
                
                |","Nov 2, 2015"
Harvey S. Karten,Compuserve,"Spectacular visuals cannot make up for formulaic plotting, banal dialogue, and by-the-numbers acting.",|,"Nov 2, 2015"
Soren Andersen,Seattle Times,"In a number of key scenes, ""Spectre"" re-creates classic moments from past Bonds. Think of them as James Bond's Greatest Hits. Think of them also as signs Mendes and his writers have run out of fresh ideas.","| Original Score: 2.5/4
                
                |","Nov 2, 2015"
Kaleem Aftab,The National (UAE),Spectre is a film of sequences rather than sustained adventure.,"| Original Score: 3/5
                
                |","Nov 2, 2015"
Kim Newman,Sight & Sound,"For all its wayward plotting and off-the-peg elements, SPECTRE works.",|,"Oct 29, 2015"
Gregory Wakeman,CinemaBlend,"At times clunky, Spectre is still utterly gorgeous, always compelling and the ultimate proof that Daniel Craig is the best James Bond of all time.","| Original Score: 4/5
                
                |","Oct 29, 2015"
Rob Carnevale,Indie London,"Spectacular, stylish, dark but still amusing, Spectre is a thrilling entry that combines the best of Bond movies old and new.","| Original Score: 4.5/5
                
                |","Oct 29, 2015"
Ryan Gilbey,New Statesman,"Even fantasy needs verisimilitude, and if you're going to have your hero producing planes out of thin air, miles from any apparent airstrip, as Bond does, why stop there? Surely no need for a plane. Just have him zoom through the air, arms outstretched.",|,"Oct 29, 2015"
Deborah Ross,The Spectator,"Spectre is the 24th film in the Bond franchise, the fourth starring Daniel Craig, the second directed by Sam Mendes, and the first at not much of anything. Nothing new to report, in other words.",|,"Oct 29, 2015"
MaryAnn Johanson,Flick Filosopher,"After a truly spectacular and fresh opening sequence, everyone might as well be enacting a Bond puppet show, which is sometimes unpleasantly retro-icky.",|,"Oct 28, 2015"
Brogan Morris,We Got This Covered,"Overlong and bloated, Spectre is a few rewrites away from greatness. Still, there's no denying that it's an eccentric epic and undeniably fun, despite a languorous final stretch.","| Original Score: 6/10
                
                |","Oct 27, 2015"
Ed Whitfield,The Ooh Tray,"If you miss a Bond movie with impetus and well-orchestrated mayhem, you've missed the point. It's all about mood these days.",|,"Oct 26, 2015"
Jason Best,Movie Talk,"This is a movie that positively revels in its heritage, with references to the series' iconic characters and moments dropped into the narrative with a mix of playfulness and reverence... There are nods, nudges and witty allusions everywhere you look.","| Original Score: 4/5
                
                |","Oct 26, 2015"
David Sexton,London Evening Standard,"A Bond that, for all its grandiose production values, is little more than an anthology of previous Bonds, a palimpsest even, to be fancier about it.","| Original Score: 3/5
                
                |","Oct 25, 2015"
Henry Fitzherbert,Daily Express (UK),It's the best Bond ever.,"| Original Score: 5/5
                
                |","Oct 25, 2015"
Mark Kermode,Observer (UK),"While Spectre may not be the equal of its immediate predecessor, it's still bang on target in delivering what an audience wants from this seemingly indestructible franchise ...","| Original Score: 4/5
                
                |","Oct 25, 2015"
Donald Clarke,Irish Times,"Nothing in this propulsive, if criminally overlong, thriller packs anything like the punch delivered by the most familiar refrains.","| Original Score: 3/5
                
                |","Oct 24, 2015"
John Nugent,The Skinny,"After 53 years and 24 films, is it too much to, ahem, exSpectre bit more?","| Original Score: 3/5
                
                |","Oct 23, 2015"
Jamie Healy,Radio Times,"For all its flaws, overreaching ambition and excessive running time, this is a prestige picture on a huge scale.","| Original Score: 3/5
                
                |","Oct 23, 2015"
Demetrios Matheou,Thompson on Hollywood,Some of the action is jaw-dropping.,|,"Oct 22, 2015"
Chris Tilly,IGN Movies,"While it's a stylish feature, the film lacks true substance, with SPECTRE a solid effort but one that falls frustratingly short of greatness.","| Original Score: 7.2/10
                
                |","Oct 22, 2015"
Adam Woodward,Little White Lies,In many ways Spectre is the purest Bond experience of the Craig era.,"| Original Score: 3/5
                
                |","Oct 22, 2015"
Helen O'Hara,GQ Magazine [UK],"It's never Quantum-levels of disappointing, but it all just feels overcooked.",|,"Oct 22, 2015"
Jordan Royce,Starburst,"As an action movie, SPECTRE does zip along initially until the halfway mark when the mythology and the intentional nostalgia trip pull on the handbrake.","| Original Score: 7/10
                
                |","Oct 22, 2015"
Wendy Ide,TheWrap,All about the set pieces. Character development and dialogue both come in at a distant joint second place.,|,"Oct 22, 2015"
Nicholas Barber,BBC.com,"From its vodka martinis to its exploding buildings, the whole film is like a YouTube mash-up of sequences drawn from earlier entries in the series: it's Déjà Vu to a Kill.","| Original Score: 4/5
                
                |","Oct 22, 2015"
Emma Simmonds,The List,It's easy to enjoy but hard to care about.,"| Original Score: 3/5
                
                |","Oct 22, 2015"
Matthew Turner,WOW247,"Bond's 24th outing delivers handsomely in action set pieces and crowd-pleasing moments, but is let down by a weird mix of tone, a lack of plot and poorly defined characters.","| Original Score: 3/5
                
                |","Oct 22, 2015"
Adam Sweeting,The Arts Desk,"This isn't the perfect Bond. It's over-long at two and half hours, and there are intermittent longueurs before it finally gets all the afterburners firing for the concluding 45 minutes. But lots of it is great, too.","| Original Score: 4/5
                
                |","Oct 21, 2015"
Danny Leigh,Financial Times,"After the sombre excellence of Skyfall, Spectre tries to tweak the formula while clearly being thrown into panic at the thought.","| Original Score: 2/5
                
                |","Oct 21, 2015"
Ben Travis,London Evening Standard,"Digging into Bond history, returning director Sam Mendes has, against all the odds, delivered a film that at least matches, and perhaps even betters, Skyfall.",|,"Oct 21, 2015"
Andy Lea,Daily Star (UK),"This may be the longest Bond film ever made, but it's so entertaining those 148 minutes fly by faster than Bond's new gadget-laden Aston Martin DB10.","| Original Score: 5/5
                
                |","Oct 21, 2015"
Simon Reynolds,Digital Spy,"Spectre will go down as Craig's stab at going full-blown BOND - big, bold and a bit more like Roger Moore.","| Original Score: 3/5
                
                |","Oct 21, 2015"
Stephen Dalton,Hollywood Reporter,"In pure action adventure terms, Spectre delivers the goods, with plenty of revved-up supercar porn and several kinetic high-speed chase sequences on road, river and snowy mountain slope.",|,"Oct 21, 2015"
Guy Lodge,Variety,"A wealth of iconography - both incidental and integral - from the series' founding chapters is revived here, making ""Spectre"" a particular treat for 007 nerds, and a businesslike blast for everyone else.",|,"Oct 21, 2015"
Fionnuala Halligan,Screen International,Mendes isn't afraid to hurl every trick in the Bond book onscreen to remind us of why we love 007.,"Full Review
                
                
                |","Oct 21, 2015"
Robbie Collin,Daily Telegraph (UK),"No film series has been better at raiding its own mausoleum, and throughout Spectre, ghosts of Bond films past come gliding through the film, trailing shivers of pleasure in their wake.","| Original Score: 5/5
                
                |","Oct 21, 2015"
Alex Leadbeater,What Culture,James Bond is ridiculous again in this disappointing (but still fun) outing.,"| Original Score: 3/5
                
                |","Oct 21, 2015"
Kate Muir,Times (UK),"This fourth outing for Daniel Craig as James Bond is achingly cool, as sleek and powerful as the silver Aston Martin DB10 that races through the movie.","| Original Score: 5/5
                
                |","Oct 21, 2015"
Ed Dyson,The Sun (UK),We were expecting you to deliver Mr Bond... and you certainly didn't disappoint.,|,"Oct 21, 2015"
David Edwards,Daily Mirror (UK),"Forget the campiness of the past, 007 is the suited-and-booted menace originally envisioned by creator Ian Fleming.",|,"Oct 21, 2015"
Brian Viner,Daily Mail (UK),"From the exhilarating pre-credits sequence, against the backdrop of the Day of the Dead festival in Mexico City, to a spectacular denouement in the shadow of the Houses of Parliament, Spectre is a proper joyride of a James Bond film.","| Original Score: 4/5
                
                |","Oct 21, 2015"
Peter Bradshaw,Guardian,"A terrifically exciting, spectacular, almost operatically delirious 007 adventure.","| Original Score: 5/5
                
                |","Oct 21, 2015"
Geoffrey Macnab,Independent (UK),"As an action movie, Spectre is every bit the equal of its predecessor, Skyfall. For at least half its running time, this is as good as Bond gets -- a rip-roaring and very stylishly made thriller with tremendous production values.","| Original Score: 4/5
                
                |","Oct 21, 2015"
Oliver Lyttelton,The Playlist,Spectre feels like a film patched together out of endless hastily-drafted script rewrites rather than a cohesive vision.,"| Original Score: C-
                
                |","Oct 21, 2015"
Stefan Pape,HeyUGuys,"There's still a place for Bond in a contemporary, cinematic climate.","| Original Score: 3/5
                
                |","Oct 21, 2015"
Matt Looker,TheShiznit.co.uk,To say it does fighting and chasing extremely well is really only to say that it does 'being a Bond movie' adequately well. Where it fails is in everything else it tries to do.,"| Original Score: 3/5
                
                |","Oct 21, 2015"
Tom Huddleston,Time Out,"A rousing, spectacular, scattershot and somewhat overextended victory lap.","| Original Score: 3/5
                
                |","Oct 21, 2015"